REF_DATE,CPI,HINDEX,CREDIT,MRATE,HNUM,CNUM,URATE,TimeTrend,CPI_growth,CREDIT_growth,SubprimeCrisis,CanadaRecession_90_92,FiscalShock_1995,Dotcom_2000_2001
1988-11-01,72.3,55.0,19.2308,11.78,8318.0,3844.0,10.2,1,0.0013850415512464131,0.010604866256765932,0,0,0,0
1988-12-01,72.3,55.8,19.4579,12.13,7249.0,2670.0,9.8,2,0.0,0.011809181105310262,0,0,0,0
1989-01-01,72.7,56.3,19.6837,12.24,5990.0,4667.0,11.3,3,0.0055325034578146415,0.011604541086139841,0,0,0,0
1989-02-01,73.2,57.7,19.9273,12.23,5024.0,2137.0,11.1,4,0.00687757909215958,0.012375722044127846,0,0,0,0
1989-03-01,73.6,58.6,20.1617,12.41,6423.0,3310.0,11.0,5,0.005464480874316724,0.011762757623963171,0,0,0,0
1989-04-01,73.8,59.1,20.3899,12.72,9357.0,3357.0,10.7,6,0.0027173913043478937,0.011318490008283,0,0,0,0
1989-09-01,75.6,60.1,21.6083,11.75,8142.0,3174.0,8.8,11,0.0013245033112581073,0.013018855540866126,0,0,0,0
1989-10-01,75.9,60.4,21.8845,11.75,8234.0,2777.0,8.8,12,0.003968253968254176,0.012782125387003962,0,0,0,0
1989-11-01,76.1,60.8,22.2077,11.75,7570.0,3829.0,9.9,13,0.0026350461133068936,0.01476844341885819,0,0,0,0
1989-12-01,76.1,61.1,23.0062,11.95,6661.0,2909.0,9.8,14,0.0,0.03595599724419918,0,0,0,0
1990-01-01,76.7,61.7,23.2808,12.01,6344.0,3832.0,11.7,15,0.007884362680683488,0.01193591292781937,0,0,0,0
1990-02-01,77.2,61.8,23.6282,12.42,4733.0,2544.0,11.2,16,0.006518904823989535,0.01492216762310572,0,0,0,0
1990-03-01,77.5,61.9,23.8942,12.92,6287.0,3194.0,10.7,17,0.0038860103626943143,0.011257734402112751,0,0,0,0
1990-04-01,77.5,61.8,24.1735,13.67,8880.0,3037.0,10.6,18,0.0,0.01168902913677794,0,1,0,0
1990-09-01,78.8,59.0,24.9864,13.4,5381.0,1513.0,10.6,23,0.0025445292620864812,0.005019789554976395,0,1,0,0
1990-10-01,79.5,58.6,25.1131,13.21,5391.0,1116.0,11.4,24,0.008883248730964466,0.005070758492619953,0,1,0,0
1990-11-01,80.0,58.0,25.2326,13.04,4766.0,1104.0,12.4,25,0.0062893081761006275,0.004758472669642577,0,1,0,0
1990-12-01,79.9,57.8,25.381,12.49,3602.0,1056.0,12.6,26,-0.0012499999999999734,0.0058812805656174305,0,1,0,0
1991-01-01,82.0,56.9,25.5912,12.13,2267.0,879.0,15.0,27,0.026282853566958586,0.008281785587644253,0,1,0,0
1991-02-01,82.0,55.8,25.746,11.58,1939.0,539.0,15.3,28,0.0,0.006048954328050193,0,1,0,0
1991-03-01,82.3,56.0,25.9159,11.45,3099.0,530.0,16.0,29,0.003658536585365857,0.006599083352753832,0,1,0,0
1991-04-01,82.3,55.8,26.0782,11.27,5264.0,847.0,14.9,30,0.0,0.006262564680370009,0,1,0,0
1991-09-01,83.1,56.2,26.9701,11.38,6118.0,1751.0,13.3,35,-0.0024009603841537164,0.0063282401447735115,0,1,0,0
1991-10-01,83.0,56.2,27.1527,10.84,7290.0,2790.0,13.2,36,-0.001203369434416346,0.006770460621206453,0,1,0,0
1991-11-01,83.3,55.9,27.3211,10.14,6354.0,1730.0,14.0,37,0.0036144578313253017,0.006201961499224806,0,1,0,0
1991-12-01,82.9,55.9,27.4822,9.84,5348.0,1857.0,13.4,38,-0.004801920768307211,0.005896541500891361,0,1,0,0
1992-01-01,83.3,55.8,27.6273,9.71,3843.0,1262.0,15.6,39,0.004825090470446325,0.005279781094672087,0,1,0,0
1992-02-01,83.3,55.8,27.7543,9.68,3194.0,846.0,16.0,40,0.0,0.004596902339352837,0,1,0,0
1992-03-01,83.6,55.9,27.9039,10.06,3921.0,1586.0,16.8,41,0.0036014405762303525,0.005390155759648074,0,1,0,0
1992-04-01,83.7,56.0,28.0488,10.37,7386.0,2111.0,15.3,42,0.0011961722488038617,0.005192822508681472,0,0,0,0
1992-09-01,84.2,56.2,28.8365,8.54,6402.0,2146.0,14.2,47,0.0,0.00676260700769471,0,0,0,0
1992-10-01,84.3,56.3,29.1125,9.23,6467.0,1690.0,14.0,48,0.0011876484560569,0.00957120316265847,0,0,0,0
1992-11-01,84.7,56.3,29.2935,9.33,7018.0,1702.0,15.6,49,0.004744958481613271,0.00621726062687844,0,0,0,0
1992-12-01,84.7,56.3,29.5149,9.48,5619.0,2375.0,14.9,50,0.0,0.007557990680526316,0,0,0,0
1993-01-01,85.0,56.2,29.5978,9.47,3569.0,1577.0,15.9,51,0.0035419126328217754,0.002808750834324414,0,0,0,0
1993-02-01,85.3,56.4,29.8055,9.44,3281.0,1907.0,15.6,52,0.003529411764705781,0.007017413456405608,0,0,0,0
1993-03-01,85.2,56.7,29.9901,8.97,3844.0,2145.0,16.9,53,-0.0011723329425555873,0.0061934877791012255,0,0,0,0
1993-04-01,85.2,57.0,30.1146,8.89,7233.0,3147.0,16.2,54,0.0,0.004151369952084094,0,0,0,0
1993-09-01,85.7,57.1,30.6487,8.57,5679.0,2228.0,14.0,59,0.0,0.004783167446922976,0,0,0,0
1993-10-01,85.9,57.0,30.802,8.55,6339.0,2500.0,14.0,60,0.002333722287047868,0.005001843471338141,0,0,0,0
1993-11-01,86.3,57.0,30.8522,7.84,5593.0,2535.0,14.6,61,0.004656577415599328,0.0016297643010194651,0,0,0,0
1993-12-01,86.1,56.9,30.9503,7.71,5134.0,3043.0,14.2,62,-0.002317497103128674,0.0031796760036562066,0,0,0,0
1994-01-01,86.1,57.0,31.0796,7.33,3508.0,1761.0,16.5,63,0.0,0.004177665483048543,0,0,0,0
1994-02-01,85.4,56.9,31.1699,7.2,2582.0,2454.0,16.1,64,-0.00813008130081283,0.0029054427984915865,0,0,0,0
1994-03-01,85.4,56.9,31.281,7.89,4018.0,2203.0,15.6,65,0.0,0.003564336106307797,0,0,0,0
1994-04-01,85.4,56.9,31.5107,9.43,8236.0,2249.0,15.5,66,0.0,0.007343115629295793,0,0,0,0
1994-09-01,85.9,57.0,32.4792,10.01,6227.0,2607.0,12.4,71,0.0011655011655011815,0.0038324596973593472,0,0,0,0
1994-10-01,85.7,56.9,32.5929,9.84,5911.0,3248.0,12.7,72,-0.002328288707799775,0.0035007019877337786,0,0,0,0
1994-11-01,86.2,56.8,32.7004,9.85,5370.0,2737.0,12.4,73,0.005834305717619559,0.0032982643459158467,0,0,0,0
1994-12-01,86.3,56.8,32.8258,10.25,4277.0,2014.0,12.3,74,0.001160092807424462,0.003834815476263298,0,0,0,0
1995-01-01,86.6,56.8,32.9471,10.6,2934.0,2653.0,13.9,75,0.0034762456546928444,0.0036952640910503654,0,0,1,0
1995-02-01,87.0,56.7,33.0751,10.48,2594.0,2163.0,13.7,76,0.004618937644341958,0.0038850156766452315,0,0,1,0
1995-03-01,87.2,56.6,33.1084,9.93,2752.0,1280.0,14.1,77,0.0022988505747125743,0.00100679967709838,0,0,1,0
1995-04-01,87.5,56.5,33.1755,9.66,5163.0,2109.0,13.4,78,0.0034403669724769603,0.002026676009713624,0,0,1,0
1995-09-01,87.8,56.2,33.6119,8.95,4541.0,2042.0,12.0,83,0.0011402508551880963,0.003918675535457661,0,0,1,0
1995-10-01,87.7,55.9,33.7384,8.75,4483.0,1530.0,12.1,84,-0.001138952164009055,0.0037635480291207113,0,0,1,0
1995-11-01,88.0,55.6,33.8186,8.66,4584.0,1767.0,12.5,85,0.003420752565564289,0.0023771133189480764,0,0,1,0
1995-12-01,87.8,55.7,33.9278,8.46,3884.0,2042.0,12.2,86,-0.002272727272727315,0.0032289923296646705,0,0,1,0
1996-01-01,88.0,55.6,34.0685,8.02,2699.0,1001.0,14.2,87,0.002277904328018332,0.004147041659052553,0,0,0,0
1996-02-01,88.1,55.4,34.1903,7.79,2105.0,1346.0,14.0,88,0.001136363636363491,0.003575150065309618,0,0,0,0
1996-03-01,88.5,55.3,34.3412,8.16,3142.0,1106.0,13.9,89,0.004540295119182858,0.004413532493134031,0,0,0,0
1996-04-01,88.7,55.1,34.5193,8.48,5454.0,1188.0,13.0,90,0.00225988700564983,0.005186190348619224,0,0,0,0
1996-09-01,89.1,55.0,35.1628,7.94,5639.0,2874.0,12.7,95,0.0011235955056179137,0.0031238143056431245,0,0,0,0
1996-10-01,89.3,55.0,35.3834,7.5,5371.0,1485.0,12.8,96,0.002244668911335568,0.006273675588974736,0,0,0,0
1996-11-01,89.7,55.2,35.5534,7.01,6021.0,2177.0,13.5,97,0.004479283314669624,0.00480451285065886,0,0,0,0
1996-12-01,89.7,55.2,35.7984,6.94,5246.0,2132.0,12.5,98,0.0,0.006891042769467948,0,0,0,0
1997-01-01,89.9,55.3,36.0032,7.14,3804.0,1420.0,14.9,99,0.0022296544035673715,0.005720926074908483,0,0,0,0
1997-02-01,90.1,55.4,36.2282,7.12,4307.0,1707.0,14.6,100,0.0022246941045604984,0.006249444493822809,0,0,0,0
1997-03-01,90.2,55.5,36.3503,7.06,4798.0,1700.0,14.4,101,0.0011098779134295356,0.0033703026923777024,0,0,0,0
1997-04-01,90.2,55.5,36.5382,7.56,7418.0,2376.0,14.2,102,0.0,0.005169145784216456,0,0,0,0
1997-09-01,90.6,55.6,37.243,6.96,7115.0,2449.0,12.1,107,0.0,0.0035785309699221113,0,0,0,0
1997-10-01,90.6,55.6,37.4506,6.73,6928.0,2485.0,12.0,108,0.0,0.005574201863437489,0,0,0,0
1997-11-01,90.5,55.8,37.5131,6.69,6903.0,2249.0,12.4,109,-0.001103752759381793,0.0016688651183158765,0,0,0,0
1997-12-01,90.4,55.9,37.6913,6.9,5598.0,2719.0,11.3,110,-0.001104972375690516,0.00475034054770207,0,0,0,0
1998-01-01,90.9,56.0,37.8305,6.9,4334.0,1534.0,14.3,111,0.005530973451327359,0.003693159959990755,0,0,0,0
1998-02-01,91.0,56.0,38.1293,6.84,4285.0,2050.0,13.5,112,0.0011001100110010764,0.007898388866126593,0,0,0,0
1998-03-01,91.1,56.0,38.2527,6.84,4561.0,2405.0,13.3,113,0.001098901098901095,0.003236356292929621,0,0,0,0
1998-04-01,91.0,56.0,38.4039,6.79,7324.0,2978.0,12.8,114,-0.001097694840834218,0.003952662165023657,0,0,0,0
1998-09-01,91.2,56.2,39.2693,7.32,7006.0,1969.0,11.5,119,-0.002188183807439903,0.003049816219198531,0,0,0,0
1998-10-01,91.6,56.2,39.5135,6.73,6777.0,2317.0,11.1,120,0.004385964912280604,0.006218598243411533,0,0,0,0
1998-11-01,91.6,56.2,39.7292,6.94,6458.0,1917.0,11.3,121,0.0,0.005458893795791342,0,0,0,0
1998-12-01,91.3,56.3,39.9506,6.69,5997.0,2338.0,10.8,122,-0.0032751091703056012,0.005572727364256069,0,0,0,0
1999-01-01,91.5,56.3,40.0951,6.79,4060.0,1663.0,12.4,123,0.0021905805038335835,0.0036169669541883387,0,0,0,0
1999-02-01,91.6,56.3,40.1068,6.79,3739.0,1801.0,12.3,124,0.0010928961748633004,0.0002918062306864755,0,0,0,0
1999-03-01,92.0,56.4,40.2205,7.03,4348.0,2640.0,12.3,125,0.004366812227074357,0.0028349307349377906,0,0,0,0
1999-04-01,92.5,56.4,40.3617,6.71,7981.0,2567.0,12.7,126,0.005434782608695565,0.003510647555351021,0,0,0,0
1999-09-01,93.6,56.8,41.3194,7.67,7765.0,2560.0,10.6,131,0.003215434083601254,0.0033778287190719958,0,0,0,0
1999-10-01,93.7,56.9,41.4061,7.9,7183.0,2472.0,10.2,132,0.0010683760683760646,0.002098287971267654,0,0,0,0
1999-11-01,93.6,57.1,41.6352,8.13,7218.0,3066.0,10.1,133,-0.0010672358591249376,0.005533001176155183,0,0,0,0
1999-12-01,93.7,57.2,41.7562,8.13,7128.0,1883.0,9.4,134,0.0010683760683760646,0.002906194758281355,0,0,0,0
2000-01-01,93.5,57.2,41.9107,8.34,4985.0,990.0,10.9,135,-0.002134471718249764,0.003700049333991151,0,0,0,0
2000-02-01,94.1,57.4,42.1525,8.43,3911.0,2951.0,11.3,136,0.0064171122994651775,0.005769409721145147,0,0,0,0
2000-03-01,94.8,57.5,42.4034,8.24,5890.0,1785.0,11.2,137,0.007438894792773709,0.005952197378565893,0,0,0,1
2000-04-01,94.5,57.6,42.6696,8.23,8912.0,2546.0,10.8,138,-0.0031645569620253333,0.006277798478423913,0,0,0,1
2000-09-01,96.1,58.2,43.2773,8.08,7733.0,2700.0,9.7,143,0.004179728317659226,0.004514562656094734,0,0,0,1
2000-10-01,96.3,58.3,43.5106,8.08,7321.0,3522.0,9.6,144,0.0020811654526535772,0.00539081689476939,0,0,0,1
2000-11-01,96.6,58.5,43.6018,8.04,7749.0,2549.0,9.6,145,0.0031152647975076775,0.0020960409647303724,0,0,0,1
2000-12-01,96.7,58.6,43.6658,7.81,6694.0,1773.0,9.1,146,0.001035196687370732,0.0014678293097991624,0,0,0,1
2001-01-01,96.3,58.7,43.079,7.58,4905.0,2593.0,10.6,147,-0.004136504653567741,-0.013438434655954956,0,0,0,1
2001-02-01,96.8,58.8,43.2578,7.52,4569.0,1864.0,11.2,148,0.005192107995846351,0.004150514171638253,0,0,0,1
2001-03-01,97.1,59.0,43.3672,7.19,5856.0,1907.0,10.9,149,0.0030991735537189147,0.002529023667408037,0,0,0,1
2001-04-01,97.8,59.2,43.4991,7.22,8512.0,3164.0,11.2,150,0.00720906282183309,0.003041469128742369,0,0,0,1
2001-09-01,98.6,59.9,44.4127,7.03,7712.0,2156.0,10.4,155,0.00203252032520318,0.006089176534017193,0,0,0,1
2001-10-01,98.1,59.9,44.5451,6.74,7892.0,2640.0,10.1,156,-0.005070993914807254,0.002981129271582228,0,0,0,1
2001-11-01,97.2,60.1,44.8233,6.51,8114.0,2837.0,10.8,157,-0.00917431192660545,0.006245355830383215,0,0,0,1
2001-12-01,97.4,60.2,45.2433,6.64,7281.0,2404.0,10.8,158,0.002057613168724215,0.009370126697498815,0,0,0,1
2002-01-01,97.6,60.4,45.5413,6.62,6100.0,3358.0,12.5,159,0.002053388090349051,0.00658661061416832,0,0,0,0
2002-02-01,98.2,60.8,45.7502,6.59,6018.0,1911.0,12.3,160,0.006147540983606703,0.004587045165596937,0,0,0,0
2002-03-01,98.9,61.0,46.1546,6.8,7433.0,2464.0,12.2,161,0.007128309572301372,0.00883930562052182,0,0,0,0
2002-04-01,99.5,61.4,46.6119,7.0,10925.0,2917.0,12.3,162,0.006066734074823055,0.009908004835921025,0,0,0,0
2002-09-01,100.9,62.4,47.9678,6.49,10225.0,2666.0,10.6,167,0.0,0.0036910406474806035,0,0,0,0
2002-10-01,101.2,62.7,48.3531,6.5,10902.0,3355.0,10.4,168,0.0029732408325073845,0.008032471783154582,0,0,0,0
2002-11-01,101.5,63.1,48.5551,6.47,9288.0,4741.0,10.5,169,0.0029644268774702276,0.004177601849726376,0,0,0,0
2002-12-01,101.1,63.3,48.8385,6.39,8349.0,2032.0,9.9,170,-0.003940886699507429,0.005836668032812131,0,0,0,0
2003-01-01,102.0,63.4,49.3164,6.26,5881.0,1787.0,11.7,171,0.008902077151335286,0.009785312816732672,0,0,0,0
2003-02-01,102.8,63.8,49.6456,6.29,6339.0,5184.0,11.4,172,0.007843137254901933,0.006675264212310683,0,0,0,0
2003-03-01,103.1,63.9,49.8893,6.33,6857.0,3528.0,11.0,173,0.0029182879377431803,0.004908793528530131,0,0,0,0
2003-04-01,102.4,64.1,50.2554,6.44,10577.0,3882.0,11.3,174,-0.006789524733268548,0.007338246878589194,0,0,0,0
2003-09-01,103.1,65.5,52.0742,5.97,9956.0,4568.0,11.5,179,0.0019436345966956647,0.00839649423128308,0,0,0,0
2003-10-01,102.8,65.8,52.4064,5.83,10268.0,6855.0,10.5,180,-0.0029097963142580285,0.0063793586843388095,0,0,0,0
2003-11-01,103.1,66.3,52.841,6.02,10114.0,2890.0,10.5,181,0.0029182879377431803,0.008292880258899737,0,0,0,0
2003-12-01,103.2,66.5,53.1418,6.0,8273.0,3696.0,10.0,182,0.0009699321047527132,0.00569254934615171,0,0,0,0
2004-01-01,103.3,66.7,53.6722,5.78,5686.0,3231.0,11.9,183,0.0009689922480620172,0.009980843704955333,0,0,0,0
2004-02-01,103.5,66.9,54.0664,5.51,6224.0,2788.0,12.0,184,0.0019361084220717029,0.007344584347203975,0,0,0,0
2004-03-01,103.9,67.2,54.4039,5.31,7957.0,3945.0,12.1,185,0.0038647342995170586,0.006242324253140641,0,0,0,0
2004-04-01,104.1,67.7,54.9398,5.56,10997.0,6091.0,11.7,186,0.0019249278152069227,0.009850396754644386,0,0,0,0
2004-09-01,105.0,69.3,57.2103,5.94,9987.0,4575.0,10.6,191,0.001908396946564972,0.006026278583938893,0,0,0,0
2004-10-01,105.2,69.5,57.7517,5.95,9979.0,5766.0,10.5,192,0.0019047619047618536,0.009463330903700884,0,0,0,0
2004-11-01,105.6,69.8,58.2861,5.87,9461.0,6059.0,10.3,193,0.0038022813688212143,0.00925340725900714,0,0,0,0
2004-12-01,105.4,69.9,58.7837,5.69,7986.0,4574.0,9.8,194,-0.0018939393939393367,0.008537198405794921,0,0,0,0
2005-01-01,105.3,70.1,59.2531,5.6,5259.0,2712.0,11.3,195,-0.0009487666034156961,0.00798520678351311,0,0,0,0
2005-02-01,105.7,70.3,59.6122,5.59,5695.0,3156.0,10.9,196,0.003798670465337217,0.006060442407232802,0,0,0,0
2005-03-01,106.3,70.6,59.9523,5.6,6237.0,4217.0,10.7,197,0.005676442762535316,0.005705207994336714,0,0,0,0
2005-04-01,106.6,71.0,60.4469,5.67,10102.0,5364.0,10.5,198,0.002822201317027151,0.008249891997471392,0,0,0,0
2005-09-01,108.4,72.7,62.907,5.3,9554.0,5680.0,10.1,203,0.008372093023255811,0.008268807570310566,0,0,0,0
2005-10-01,107.9,73.2,63.475,5.39,8599.0,3975.0,9.6,204,-0.004612546125461248,0.009029201837633227,0,0,0,0
2005-11-01,107.7,73.6,64.0426,5.56,8710.0,5320.0,8.6,205,-0.001853568118628357,0.008942103190232364,0,0,0,0
2005-12-01,107.6,74.1,64.599,5.6,7661.0,4894.0,8.9,206,-0.0009285051067782213,0.008687967071917768,0,0,0,0
2006-01-01,108.2,74.7,65.1918,5.65,6661.0,3414.0,10.8,207,0.005576208178438735,0.00917661264106262,0,0,0,0
2006-02-01,108.0,75.2,65.72,5.75,6539.0,3425.0,9.9,208,-0.001848428835489857,0.008102245987992251,0,0,0,0
2006-03-01,108.6,76.0,66.2933,5.78,6744.0,6556.0,9.8,209,0.005555555555555536,0.008723371880706043,0,0,0,0
2006-04-01,109.2,76.9,66.8846,5.88,9579.0,5339.0,9.9,210,0.005524861878453136,0.008919453398759769,0,0,0,0
2006-09-01,109.2,81.4,69.3901,6.13,8838.0,3450.0,9.8,215,-0.005464480874316835,0.008896714365889125,1,0,0,0
2006-10-01,109.0,81.6,69.9239,6.01,8733.0,5215.0,8.8,216,-0.001831501831501825,0.007692740030638356,1,0,0,0
2006-11-01,109.2,82.0,70.4436,5.99,8430.0,6032.0,8.9,217,0.0018348623853210455,0.007432365757630732,1,0,0,0
2006-12-01,109.4,82.0,71.0699,5.89,7158.0,3875.0,8.3,218,0.001831501831501825,0.008890800583729375,1,0,0,0
2007-01-01,109.4,82.3,71.686,5.91,6317.0,4244.0,10.2,219,0.0,0.008668930165935285,1,0,0,0
2007-02-01,110.2,82.7,72.3654,6.0,5008.0,3290.0,9.4,220,0.007312614259597838,0.009477443294367172,1,0,0,0
2007-03-01,111.1,83.0,72.9625,5.91,6205.0,4548.0,9.6,221,0.008166969147005432,0.00825118081292997,1,0,0,0
2007-04-01,111.6,83.7,73.7499,5.92,9210.0,4875.0,9.7,222,0.004500450045004545,0.010791845125920796,1,0,0,0
2007-09-01,111.9,86.5,77.5866,6.61,9084.0,8173.0,9.4,227,0.001790510295434311,0.009941046224498207,1,0,0,0
2007-10-01,111.6,86.6,78.5429,6.69,8224.0,6253.0,8.8,228,-0.002680965147453196,0.012325581994828916,1,0,0,0
2007-11-01,111.9,87.0,79.2302,6.73,9477.0,5729.0,9.1,229,0.0026881720430107503,0.008750631820317212,1,0,0,0
2007-12-01,112.0,87.1,79.9933,6.75,6656.0,2542.0,8.3,230,0.0008936550491509543,0.009631428419971222,1,0,0,0
2008-01-01,111.8,87.6,80.8682,6.81,5245.0,4965.0,9.8,231,-0.0017857142857142794,0.010937165987651376,1,0,0,0
2008-02-01,112.2,87.9,81.6849,6.72,4735.0,6432.0,9.5,232,0.003577817531305927,0.010099148985633466,1,0,0,0
2008-03-01,112.6,88.1,82.5199,6.6,5283.0,8021.0,9.4,233,0.0035650623885916666,0.010222207531624505,1,0,0,0
2008-04-01,113.5,88.1,83.283,6.4,7606.0,6693.0,9.7,234,0.00799289520426294,0.009247466368718316,1,0,0,0
2008-09-01,115.7,88.3,86.3682,6.16,6871.0,7131.0,8.9,239,0.0008650519031143666,0.005696386776744111,1,0,0,0
2008-10-01,114.5,87.9,86.7157,6.46,7152.0,6728.0,9.0,240,-0.01037165082108904,0.004023471601816375,1,0,0,0
2008-11-01,114.1,87.7,86.6657,6.51,6339.0,3886.0,9.4,241,-0.003493449781659441,-0.0005765968561632917,1,0,0,0
2008-12-01,113.3,87.5,88.0035,6.17,4916.0,3110.0,9.2,242,-0.007011393514461006,0.015436326020559443,1,0,0,0
2009-01-01,113.0,87.0,88.5771,5.78,3123.0,2393.0,11.4,243,-0.0026478375992938785,0.0065179225826246245,1,0,0,0
2009-02-01,113.8,86.4,88.9735,5.28,2474.0,2126.0,12.2,244,0.0070796460176991705,0.004475197313978496,1,0,0,0
2009-03-01,114.0,86.0,89.0856,5.14,3170.0,3936.0,12.6,245,0.0017574692442883233,0.001259925708216425,1,0,0,0
2009-04-01,113.9,85.5,89.8767,4.79,4384.0,1711.0,12.8,246,-0.0008771929824561431,0.008880223066354054,1,0,0,0
2009-09-01,114.7,85.9,92.2824,4.97,7388.0,3060.0,11.8,251,0.0,0.005861925388524147,0,0,0,0
2009-10-01,114.6,86.1,92.9628,5.0,7720.0,3493.0,11.8,252,-0.0008718395815170421,0.007373020207536829,0,0,0,0
2009-11-01,115.2,86.4,93.4248,5.06,8149.0,3278.0,12.5,253,0.00523560209424101,0.004969729827414726,0,0,0,0
2009-12-01,114.8,86.7,94.1048,4.83,7054.0,2630.0,11.8,254,-0.003472222222222321,0.007278581276063845,0,0,0,0
2010-01-01,115.1,87.1,94.544,4.8,5869.0,2387.0,13.2,255,0.002613240418118501,0.004667137064209292,0,0,0,0
2010-02-01,115.6,87.1,95.1281,4.73,5371.0,2435.0,12.9,256,0.004344048653344812,0.006178075816551054,0,0,0,0
2010-03-01,115.6,87.4,95.4372,4.71,6401.0,2879.0,13.2,257,0.0,0.003249302782248442,0,0,0,0
2010-04-01,116.0,87.6,95.9992,5.15,8510.0,4550.0,12.8,258,0.0034602076124568004,0.005888689106553935,0,0,0,0
2010-09-01,116.9,88.1,99.1744,4.6,6682.0,4829.0,11.9,263,0.001713796058269157,0.005685822558123332,0,0,0,0
2010-10-01,117.4,88.2,99.5826,4.52,6898.0,3733.0,11.5,264,0.004277159965782706,0.0041159815436242475,0,0,0,0
2010-11-01,117.5,88.4,100.1963,4.45,7099.0,5496.0,10.8,265,0.0008517887563883608,0.006162723206664555,0,0,0,0
2010-12-01,117.5,88.4,100.8057,4.5,5777.0,3771.0,10.3,266,0.0,0.00608206091442498,0,0,0,0
2011-01-01,117.8,88.6,101.5942,4.55,4147.0,4037.0,12.2,267,0.002553191489361728,0.00782197832067033,0,0,0,0
2011-02-01,118.1,89.0,101.759,4.68,4876.0,2891.0,12.0,268,0.002546689303905003,0.0016221398465661174,0,0,0,0
2011-03-01,119.4,89.0,102.3766,4.7,4555.0,4833.0,12.2,269,0.01100762066045724,0.006069242032645805,0,0,0,0
2011-04-01,119.8,89.2,102.9053,4.87,7017.0,5105.0,12.1,270,0.003350083752093669,0.005164266052984701,0,0,0,0
2011-09-01,120.6,90.1,105.772,4.42,7414.0,5415.0,11.4,275,0.0024937655860348684,0.004781098275175921,0,0,0,0
2011-10-01,120.8,90.3,106.6797,4.35,7289.0,6722.0,11.3,276,0.0016583747927032544,0.008581666225466078,0,0,0,0
2011-11-01,120.9,90.6,106.7357,4.38,7432.0,5250.0,11.0,277,0.0008278145695364003,0.0005249358593997222,0,0,0,0
2011-12-01,120.2,90.7,107.3422,4.36,6787.0,5368.0,10.0,278,-0.005789909015715522,0.005682260012348284,0,0,0,0
2012-01-01,120.7,90.8,108.0231,4.31,5017.0,5681.0,12.3,279,0.004159733777038266,0.006343264811043525,0,0,0,0
2012-02-01,121.2,91.0,108.5723,4.23,4862.0,5017.0,12.1,280,0.0041425020712511085,0.005084097753165651,0,0,0,0
2012-03-01,121.7,91.3,109.2537,4.21,5561.0,6049.0,11.8,281,0.004125412541254203,0.0062760022584029684,0,0,0,0
2012-04-01,122.2,91.5,109.8745,4.36,7706.0,8747.0,11.8,282,0.0041084634346755244,0.005682187422485496,0,0,0,0
2012-09-01,122.0,92.3,112.2439,4.2,7293.0,6114.0,11.3,287,0.0016420361247948545,0.004597682631911626,0,0,0,0
2012-10-01,122.2,92.5,112.678,4.17,6745.0,6586.0,10.6,288,0.0016393442622950616,0.0038674707489672056,0,0,0,0
2012-11-01,121.9,92.6,112.9133,4.15,7089.0,5807.0,10.5,289,-0.002454991816693952,0.0020882514776621175,0,0,0,0
2012-12-01,121.2,92.7,113.6161,4.15,6306.0,5647.0,9.9,290,-0.005742411812961423,0.006224244619544406,0,0,0,0
2013-01-01,121.3,92.8,114.0283,4.14,4057.0,3141.0,11.2,291,0.0008250825082507518,0.003628006946198692,0,0,0,0
2013-02-01,122.7,93.0,114.5585,4.11,3998.0,4807.0,10.9,292,0.01154163231657046,0.004649722919661148,0,0,0,0
2013-03-01,122.9,93.0,115.0738,4.02,4558.0,4150.0,11.7,293,0.0016299918500408683,0.004498138505654392,0,0,0,0
2013-04-01,122.7,93.2,115.715,4.02,6486.0,4719.0,11.7,294,-0.0016273393002441683,0.00557207635447865,0,0,0,0
2013-09-01,123.3,93.8,118.1731,4.33,6037.0,5558.0,9.9,299,0.0016246953696181787,0.006212348916713184,0,0,0,0
2013-10-01,123.0,93.8,118.7432,4.4,6479.0,5808.0,10.4,300,-0.0024330900243308973,0.0048242789602710445,0,0,0,0
2013-11-01,123.0,93.9,119.2192,4.39,6642.0,5792.0,10.2,301,0.0,0.004008650600623831,0,0,0,0
2013-12-01,122.7,93.9,119.5585,4.39,5351.0,5147.0,10.3,302,-0.0024390243902439046,0.0028460180910456767,0,0,0,0
2014-01-01,123.1,94.1,120.0,4.38,4106.0,4883.0,11.8,303,0.0032599837000815146,0.0036927529201185028,0,0,0,0
2014-02-01,124.1,94.4,120.4997,4.32,3730.0,5281.0,11.7,304,0.008123476848090894,0.0041641666666667465,0,0,0,0
2014-03-01,124.8,94.5,121.0164,4.16,4192.0,4144.0,11.6,305,0.005640612409347323,0.004287977480441851,0,0,0,0
2014-04-01,125.2,94.7,121.4607,4.02,6453.0,5713.0,11.3,306,0.0032051282051281937,0.0036714032147708853,0,0,0,0
2014-09-01,125.8,95.3,124.088,4.02,6186.0,4935.0,10.7,311,0.0007955449482894839,0.004593565769596353,0,0,0,0
2014-10-01,125.9,95.4,124.6095,4.0,6738.0,4286.0,9.7,312,0.0007949125596184992,0.004202662626523024,0,0,0,0
2014-11-01,125.4,95.5,125.1226,4.0,6490.0,4998.0,9.8,313,-0.003971405877680745,0.0041176635810271645,0,0,0,0
2014-12-01,124.5,95.5,125.6228,3.98,5401.0,4905.0,9.4,314,-0.0071770334928230595,0.0039976790763618375,0,0,0,0
2015-01-01,124.3,95.5,126.2469,3.96,3537.0,4833.0,11.0,315,-0.0016064257028112205,0.004968047201622694,0,0,0,0
2015-02-01,125.4,95.6,126.9154,3.91,3491.0,3742.0,11.4,316,0.008849557522123908,0.005295179525200311,0,0,0,0
2015-03-01,126.3,95.7,127.4925,3.84,3741.0,7262.0,11.6,317,0.0071770334928229484,0.004547123516925433,0,0,0,0
2015-04-01,126.2,95.7,128.1293,3.76,6044.0,5023.0,11.4,318,-0.0007917656373712667,0.0049948036158988796,0,0,0,0
2015-09-01,127.1,96.6,131.618,3.71,6271.0,7548.0,10.0,323,-0.0015710919088767206,0.004844888741626807,0,0,0,0
2015-10-01,127.2,96.8,132.2959,3.72,6389.0,5188.0,9.9,324,0.0007867820613691734,0.005150511328237739,0,0,0,0
2015-11-01,127.1,96.9,132.9478,3.72,6594.0,6763.0,9.5,325,-0.0007861635220126617,0.0049275903486050154,0,0,0,0
2015-12-01,126.5,97.0,133.7482,3.75,5700.0,3544.0,9.8,326,-0.00472069236821393,0.006020408009760114,0,0,0,0
2016-01-01,126.8,97.1,134.4482,3.76,3779.0,3274.0,11.3,327,0.002371541501976271,0.005233715294860053,0,0,0,0
2016-02-01,127.1,97.3,135.0685,3.75,3801.0,5352.0,11.3,328,0.0023659305993690705,0.004613672775091171,0,0,0,0
2016-03-01,127.9,97.5,135.5478,3.73,4395.0,5312.0,11.4,329,0.006294256490952055,0.003548569799768364,0,0,0,0
2016-04-01,128.3,97.7,136.2176,3.7,5526.0,5305.0,11.5,330,0.0031274433150898506,0.004941430255599899,0,0,0,0
2016-09-01,128.8,99.3,140.128,3.67,7278.0,4777.0,10.0,335,0.0007770007770009357,0.0063463998167250235,0,0,0,0
2016-10-01,129.1,99.7,140.7872,3.68,6953.0,5211.0,9.9,336,0.0023291925465838137,0.004704270381365561,0,0,0,0
2016-11-01,128.6,99.9,141.4475,3.7,6659.0,4389.0,9.3,337,-0.0038729666924864903,0.004690057050640961,0,0,0,0
2016-12-01,128.4,100.0,142.1162,3.74,6262.0,4876.0,8.9,338,-0.0015552099533435726,0.0047275490906519835,0,0,0,0
2017-01-01,129.5,100.1,142.6811,3.73,3985.0,5647.0,11.0,339,0.008566978193146335,0.0039749163008862,0,0,0,0
2017-02-01,129.7,100.5,143.2254,3.75,5020.0,4693.0,10.3,340,0.001544401544401497,0.003814800979246691,0,0,0,0
2017-03-01,129.9,100.7,143.9936,3.66,5203.0,5765.0,10.3,341,0.0015420200462608058,0.005363573779511244,0,0,0,0
2017-04-01,130.4,101.5,144.7993,3.62,6458.0,5538.0,10.0,342,0.0038491147036181506,0.0055953875727809965,0,0,0,0
2017-09-01,130.8,103.1,147.9705,3.89,7910.0,5099.0,8.7,347,0.0022988505747127963,0.003702229002331414,0,0,0,0
2017-10-01,130.9,103.2,148.5378,3.98,6462.0,6914.0,8.8,348,0.000764525993883769,0.0038338722921122947,0,0,0,0
2017-11-01,131.3,103.3,149.0586,4.04,6998.0,7732.0,8.3,349,0.0030557677616500634,0.003506178225340717,0,0,0,0
2017-12-01,130.8,103.3,149.6159,4.07,6174.0,5352.0,8.0,350,-0.0038080731150038627,0.0037387980297680645,0,0,0,0
2018-01-01,131.7,103.3,150.3755,4.14,4060.0,4670.0,9.1,351,0.006880733944953921,0.005077000505962159,0,0,0,0
2018-02-01,132.5,103.1,151.364,4.26,3835.0,7208.0,9.2,352,0.006074411541381997,0.006573544227616912,0,0,0,0
2018-03-01,132.9,103.1,152.2983,4.27,4623.0,5837.0,9.1,353,0.0030188679245284344,0.00617253772363302,0,0,0,0
2018-04-01,133.3,103.1,153.0361,4.27,5469.0,6030.0,9.0,354,0.0030097817908201208,0.004844440154617713,0,0,0,0
2018-09-01,133.7,103.3,154.8626,4.43,5972.0,5507.0,8.5,359,-0.0037257824143069884,0.0026090964886611445,0,0,0,0
2018-10-01,134.1,103.3,155.2125,4.48,5148.0,6256.0,7.7,360,0.0029917726252806087,0.002259422223312768,0,0,0,0
2018-11-01,133.5,103.3,155.5736,4.38,5884.0,6477.0,7.7,361,-0.004474272930648726,0.002326487879519945,0,0,0,0
2018-12-01,133.4,103.3,156.1044,4.59,4853.0,6292.0,7.3,362,-0.0007490636704119424,0.0034118899350532583,0,0,0,0
2019-01-01,133.6,103.2,156.6548,4.59,3178.0,5881.0,8.9,363,0.0014992503748125774,0.003525845523892901,0,0,0,0
2019-02-01,134.5,103.2,157.1126,4.52,2611.0,4031.0,8.5,364,0.006736526946107935,0.00292234901196764,0,0,0,0
2019-03-01,135.4,103.2,157.6434,4.44,3202.0,5200.0,9.0,365,0.006691449814126393,0.003378468690607983,0,0,0,0
2019-04-01,136.0,103.2,158.1512,4.33,5227.0,7072.0,8.7,366,0.004431314623338123,0.0032211941635362784,0,0,0,0
2019-09-01,136.2,103.2,161.3349,4.07,6027.0,6096.0,8.6,371,-0.004385964912280826,0.004025189170822285,0,0,0,0
2019-10-01,136.6,103.3,162.1345,4.09,5363.0,5466.0,8.0,372,0.002936857562408246,0.004956150219202371,0,0,0,0
2019-11-01,136.4,103.2,162.6656,4.09,5829.0,4429.0,8.6,373,-0.0014641288433381305,0.0032756754423024503,0,0,0,0
2019-12-01,136.4,103.4,163.4098,4.08,5391.0,5964.0,7.4,374,0.0,0.004575030000196767,0,0,0,0
2020-01-01,136.8,103.4,164.0113,4.08,4000.0,2806.0,8.8,375,0.0029325513196480912,0.0036809297851170264,0,0,0,0
2020-02-01,137.4,103.8,164.474,4.08,4302.0,4021.0,8.9,376,0.004385964912280604,0.002821147079500097,0,0,0,0
2020-03-01,136.6,104.1,165.287,3.9,4655.0,4196.0,15.1,377,-0.005822416302765698,0.004943030509381385,0,0,0,0
2020-04-01,135.7,104.1,166.2719,3.95,3603.0,5444.0,22.6,378,-0.0065885797950220315,0.005958726336614539,0,0,0,0
2020-09-01,136.9,106.5,170.5636,3.51,6395.0,5250.0,14.1,383,-0.0007299270072992359,0.008483475315854028,0,0,0,0
